TEXT,
आइये सबसे पहले जानें की होस्टिंग क्या है? वेब होस्टिंग का हिंदी में क्या मतलब है?,
,
"वेब होस्टिंग (Web Hosting) का तात्पर्य उस ऑनलाइन वेब सर्वर (Online Web Server) से है जो आपकी वेबसाइट से जुड़े सभी फाइल (Files), इमेज (Images), वीडियो (Videos), डेटाबेस (Database), टेक्स्ट (Text) आदि की मेजबानी करता है। इस प्रकार की सेवा को वेब होस्टिंग सेवा कहते हैं, और वेब होस्टिंग सेवा प्रदान करने वाली संस्थाओं को होस्टिंग प्रदाता कंपनी (Web Hosting Provider) के नाम से जाना जाता है। वेब होस्टिंग तब से अस्तित्व में है जबसे वेबसाइट निर्माण शुरू हुआ है। यह अवश्य है की समय के साथ-साथ इसके रूप भी बदलते गए और निरंतर विकास होता चला गया।",
,
"होस्टिंग सेवा प्रदाता द्वारा उनके वेब होस्टिंग सर्वर पर आपको मासिक कीमत चुकाने के पश्चात एक नियत स्थान (Web Space) प्रदान किया जाता है जहाँ आप अपनी वेबसाइट को होस्ट कर सकते हैं। आपकी साइट किस सर्वर तकनीक/भाषा (ASP, Java, PHP etc.) पर आधारित है और कौनसे सॉफ्टवेयर (HTML, WordPress) पर बनी है उसके हिसाब से ही आपको होस्टिंग सर्वर (Web Hosting Server) का चयन करना पड़ता है।",
,
आगे इस आर्टिकल में हम जानेंगे की वेब होस्टिंग सेवा कहाँ से ली जा सकती है? कौनसी वेब होस्टिंग सेवा आपके लिए उपयुक्त है? वेब होस्टिंग के कितने प्रकार हैं? आदि।,
वेब होस्टिंग कितने प्रकार की होती है?,
"वेब होस्टिंग उपभोक्ता की जरूरत की दृष्टि से बहुत प्रकार की हो सकती है, हर उपयोगकर्ता की जरूरत के मुताबिक सर्वर का आकार और उसकी गति तथा उसकी तकनीक अलग-अलग होती है। छोटे ब्लॉगर या 4-5 स्थाई पेज की वेबसाइट चलने के लिए सस्ती होस्टिंग पर्याप्त है तो बड़ी वाणिज्यिक वेबसाइट चलाने के लिए आपको क्लाउड होस्टिंग या डेडिकेटेड सर्वर लेना पड़ता है। हम हर प्रकर की वेब होस्टिंग का विवरण निचे लिख रहे हैं।",
,
1. साझा होस्टिंग (Shared Hosting),
"शेयर्ड होस्टिंग ( साझा होस्टिंग ) नए ब्लॉगरों और छोटे व्यापारियों के लिए संस्तुत वेब होस्टिंग होती है, दुनिया की अधिकांश वेबसाइट साझा सर्वर पर ही चल रही हैं। साझा होस्टिंग न केवल सस्ती होती है वरन यह चलाने और वेबसाइट को लोड करने या अपडेट करने में बहुत आसान होती है। जिसका कारण है cPanel नामक कण्ट्रोल पैनल, यह लगभग हर साझा होस्टिंग प्लान के साथ मुफ्त में मिलता है। जो लोग नए हैं और होस्टिंग सर्वर चलाना नहीं जानते उनके लिए cPanel अपनी वेबसाइट को नियंत्रित करने का एक सरल माध्यम है।",
,
सम्बंधित पोस्ट:  Vlog क्या होता है? - Vlogging से पैसे कैसे कमाएं?,
"साझा होस्टिंग में सेवा प्रदाता अपने सर्वर के Space को बहुत से उपभोक्ताओं में विभाजित कर देता है, जिससे एक ही सर्वर पर अनेक उपभोक्ता अपनी अपनी वेबसाइट चला सकते हैं। संसाधान के साझाकरण की वजह से यह सेवा सस्ते मूल्य पर उपलब्ध हो जाती है, क्योंकि एक समय पर एक ही सर्वर पर बहुत से यूजर अपनी वेबसाइट चला पाते हैं।",
,
shared-hosting,
2. आभासी सर्वर होस्टिंग (Virtual Private Server),
"VPS एक आभासी सर्वर होता है, इसकी फुल फॉर्म होती है वर्चुअल प्राइवेट सर्वर। एक ही मशीन पर कुछ उपभोक्ताओं को अलग-अलग संसाधन निर्धारित कर दिए जाते हैं, जिनका इस्तेमाल वे अपनी एक या अधिक वेबसाइट चलाने के लिए करते हैं। मसलन आपको अलग से RAM , स्टोरेज स्पेस और सॉफ्टवेयर स्क्रिप्ट्स मुहैया कराइ जाती हैं जिनका इस्तेमाल केवल आप अपनी ही साइट या ब्लॉग के लिए कर सकते हैं। आप जब चाहें अपने सर्वर को शट डाउन, रीस्टार्ट या उस पर कुछ नया सॉफ्टवेयर इनस्टॉल करने के लिए कर सकते हैं।",
,
वीपीएस खासतौर पर उन उपभोक्ताओं के लिए सुझाया जाता है जिनके पास अलग – अलग प्रकार की वेबसाइट हों जिन्हे कोई खास सॉफ्टवेयर या ऑपरेटिंग सिस्टम की जरुरत पड़ती है। यह साझा होस्टिंग के मुकाबले थोड़ी महंगी भी होती है। यदि आप को साझा होस्टिंग सर्वर से तेज़ गति चाहिए तो आप VPS चुन सकते हैं।  ,
,
vps-hosting,
3. वर्डप्रेस होस्टिंग (WordPress Hosting),
"वर्डप्रेस दुनिया का सबसे प्रसिद्ध कंटेंट प्रबंधन सिस्टम है, जिस पर आप ब्लॉग, वेबसाइट इत्त्यादि बनाएं जा सकते हैं। वेब होस्टिंग सेवा प्रदाताओं ने वर्डप्रेस के लिए विशेष होस्टिंग पैकेज और सर्वर स्थापित किये हैं। इन विशेष सर्वर पर PHP,  SQL और अन्य जरुरी तकनीकों का उपयुक्त समावेश होता है। यदि आप वर्डप्रेस आधारित वेबसाइट बनाना चाह रहे हैं तो यह सबसे उपयुक्त होस्टिंग का प्रकार है ।",
,
"वर्डप्रेस होस्टिंग से आपको सर्वर की स्पीड, सुरक्षा और नियमित अपडेट की चिंता से मुक्ति मिलती है। यह चलाने में आसान तो है ही साथ ही आपको किसी प्रकार की विशेष ट्रेनिंग की आवश्यकता भी नहीं होती। आज के समय में लगभग हर छोटा बड़ा होस्टिंग सेवा प्रदाता वर्डप्रेस होस्टिंग प्लान मुहैया करवाता है। आप कम दाम पर Bluehost, GoDaddy या HostGator जैसे होस्टिंग सेवा प्रदाताओं की सेवा ले सकते हैं।",
,
wordpress-hosting,
4. डेडिकेटेड होस्टिंग (Dedicated Hosting),
"डेडिकेटेड होस्टिंग आपकी वेबसाइट के लिए एक पूरा सर्वर प्रदान करती है, उस पर उपलब्ध सभी संसाधन केवल आपके उपयोग के लिए होते हैं। दूसरे ग्राहकों का इस पर कोई हस्तक्षेप नहीं होता, जिससे आपको अपनी वेबसाइट चलाने के लिए उन्नत गति मिलती है। यह साझा होस्टिंग के मुकाबले काफी महंगी भी पड़ती है परन्तु इसकी परफॉरमेंस लाजवाब होती है। आपकी वेबसाइट खुलने में बहुत काम समय लगता है और एक ही समय पर बहुत से लोग आपकी साइट पर आ जाएं तो भी कोई खास बात नहीं है ।",
,
यदि आप एक उच्च क्षमता की वेबसाइट बनाना चाहते हैं जिसपर रोज़ाना हज़ारों विजिटर आते हों तभी डेडिकेटेड होस्टिंग को चुनें। अन्यथा आपको कुछ हज़ार रूपये मासिक कीमत चुकाने का नियमित भार उठाना होगा । यदि आप साधारण ब्लॉग या वेबसाइट बनाना चाह रहे हैं तो बेहतर है की आप शेयर्ड होस्टिंग से ही शुरू करें। जो रकम आप डेडिकेटेड होस्टिंग के लिए 1 माह में चुकाएंगे उतने में शायद आपको पुरे वर्ष के लिए साझा होस्टिंग मिल जाएगी।,
"जानिए, क्या है हाई सिक्योरिटी रजिस्ट्रेशन प्लेट अथवा हाई सिक्योरिटी नंबर प्लेट? HSRP ऑनलाइन अप्लाई कैसे करें? HSRP/HSNP की कीमत क्या है? और इसके न होने पर कितनी राशि दण्ड स्वरुप भुगतान करनी होगी?",
"HSRP का अर्थ है हाई सिक्योरिटी रजिस्ट्रेशन प्लेट, इसे HSNP नाम से भी जाना जाता है, जिसका अर्थ है हाई सिक्योरिटी नंबर प्लेट। HSRP या HSNP अपने आप में केंद्रीय सड़क परिवहन व् राजमार्ग मंत्रालय द्वारा निर्धारित एक मानकीकृत नंबर प्लेट है जो पुरे देश में आवश्यक हो चुकी है। हाई सिक्योरिटी नंबर प्लेट को अनिवार्य करने के पीछे यह तर्क है की इस तरह की नंबर प्लेट से वाहन की सुरक्षा बढ़ जाती है और वाहन चोरी की घटनाओं पर लगाम लगेगी। क्योंकि यह केवल सरकार द्वारा अधिकृत एजेंटों द्वारा ही जारी की जाएगी।",
,
"एक बार वाहन पर लगने के बाद यह हटाई नहीं जा सकती। यदि कोई जोर जबरदस्ती कर उतारने की कोशिश करेगा तो यह नंबर प्लेट डैमेज हो जाएगी और दोबारा नहीं लग सकेगी। नयी प्लेट लेने के लिए फिर से एजेंट के पास गाड़ी के कागज़ात लेकर जाना होगा। एक सुरक्षित रजिस्ट्रेशन प्लेट का नया सिस्टम सरकारी विभागों, जैसे ट्रैफिक पुलिस और परिवहन विभाग को भी गाड़ियों की पहचान और ट्रेसिंग करने में सहायक सिद्ध होगा।",
,
हिंदी में HSRP का संक्षिप्त इतिहास:,
HSRP-Hindi,
प्रतीकात्मक चित्र,
"भारत में HSRP की अनिवार्यता सेंट्रल मोटर व्हीकल रूल 1989 के नियम 50 और HSRP Order ऑफ़ 2001 के अंतर्गत है। समय समय पर हाई सिक्योरिटी नंबर प्लेट को लागु करने के प्रयास किये जाते रहे हैं, परन्तु वाहनों की संख्या और अन्य पेचीदगियों के चलते यह टलता रहा। यूँ तो वर्ष 2012 से ही नए वाहनों पर HSNP खरीद के समय ही लगाई जाने लगी हैं। फिर भी किन्ही कारणों से प्लेट टूट जाने पर लोग सामान्य प्लेट लगवाते रहे। पर भविष्य में केवल और केवल हाई सिक्योरिटी नंबर प्लेटों को ही वैध मन जायेगा।",
,
पर वर्ष 2019 में 1 अप्रैल से केंद्र सरकार और राज्य सरकारों ने इसको लागु करने के प्रयास अधिक तेज़ कर दिए हैं और अब दिल्ली एवं उत्तर प्रदेश में अक्टूबर 2020 से इसे सभी नए और पुराने वाहनों के लिए अनिवार्य कर दिया गया है।,
,
HSRP नंबर प्लेट की विशेषता,
"हाई सिक्योरिटी नंबर प्लेट 1.0 MM मोटाई की एल्युमीनियम धातु से बनी होती है , इसमें होलोग्राम तथा एक लेज़र कोडेड सीरियल नंबर भी होता है जो अपने आप में अनूठा होता है।",
,
"प्लेट की बाईं तरफ नील रंग से “IND” शब्द टंकित रहता है, जहाँ तक हमारा अनुमान है यह देश के अंग्रेजी नाम इंडिया का कोड वर्ड है।",
,
इसके अलावा चक्र आकार का एक Hologram भी इस प्लेट पर बना रहता है। HSNP को वाहन पर लगाने के लिए स्नैप लॉक तकनीक का इस्तेमाल किया जाता है। जिसके तहत बाहर से अंदर की तरफ रिब्बेट लगाई जाती हैं जिनके लगने के बाद यह प्लेट आपके कार या बाइक पर परमानेंट रूप से फिक्स हो जाती है।,
,
नंबर प्लेट के साथ साथ आपकी गाडी की विंडशील्ड पर एक कलर कोडेड स्टीकर भी लगाया जाता है। जिसका रंग गाड़ी के ईंधन के हिसाब से तय होता है। पेट्रोल आधारित वाहनों के लिए नीला रंग रखा गया है।,
,
HSNP-NUMBER-PLATE,
Sample HSRP Image Courtesy: BookMyHSRP.Com,
High Security Registration Plate के लाभ,
निम्न बिंदुओं में हमने HSNP को लागु करने के कारण और इससे जुड़े कुछ लाभों को सूचीबद्ध किया है:,
,
हाई सिक्योरिटी नंबर प्लेट की अनिवार्यता के बाद देश के सभी वाहनों की नंबर प्लेटों का मानक तय हो जायेगा।,
इस प्रकार की प्लेटों से वाहन चोरी और अपराध में वाहनों के इस्तेमाल की घटनाओं में कमी आने की उम्मीद है।,
चोरी की गई गाड़ियों को आसानी से बेचा नहीं जा सकेगा।,
"HSNP द्वारा वाहनों का एक डेटाबेस तैयार होगा जिससे दुर्घटना, चोरी या अन्य अपराध की सूरत में ट्रैफिक प्रबंधन एजेंसियों द्वारा गाड़ी के मालिक की पहचान आसानी से हो सकेगी।",
HSRP Online Apply – हाई सिक्योरिटी नंबर प्लेट बनाने के लिए सभी राज्यों के ऑनलाइन पोर्टल,
आइये जानते हैं की हाई सिक्योरिटी नंबर प्लेट कैसे लगाएं?,
,
"निम्न तालिका में हमने राज्य्वार हाई सिक्योरिटी नंबर प्लेट बनाने के उपलब्ध ऑनलाइन पोर्टल को सूचीबद्ध किया है, आप अपने राज्य का नाम देखे और उसके सामने वाले कॉलम में दिए गए लिंक पर क्लिक कर अपनी नंबर प्लेट ऑनलाइन अप्लाई करने की कारवाही शुरू करें।",
HSRP से जुड़े कुछ सवाल और जवाब,
"हमारे पाठकों द्वारा अकसर पूछे जाने वाले प्रश्न और उत्तर निचे दिए गए हैं, आपकी सुविधा के लिए हमने इन्हे एक जगह संकलित किया है। इनके अलावा भी कोई सवाल हो तो आप उसको कमेंट सेक्शन में लिख कर पूछ सकते हैं।",
,
हाई सिक्योरिटी नंबर प्लेट के लिए ऑनलाइन अप्लाई (आवेदन) कैसे करें?,
आपको उपरोक्त टेबल में दिए लिंक देखने होंगे और अपने राज्य के हिसाब से लिंक खोलना होगा. ऊपर हमने राज्य्वार लिंक साझा किये हैं। हम इस तालिका को नियमित रूप से अपडेट भी करते रहेंगे।,
,
ऑनलाइन HSRP की क्या कीमत है?,
ऑनलाइन हाई सिक्योरिटी नंबर प्लेट की कीमत 400 से लेकर 1100 रूपये तक रखी गई है. बाइक में लिए 400 से शुरू होकर महँगी और बड़ी गाड़ियों के लिए यह राशि 1100 रूपये तक वसूली जाती है.,
,
क्या HSRP लगवाते समय गाड़ी मालिक की उपस्थिति जरुरी है?,
"जी नहीं, ऐसी कोई आवश्यकता नहीं है।",
,
HSRP न होने की सूरत में ट्रैफिक पुलिस द्वारा कितने रूपये का चालान काटा जा सकता है?,
प्राप्त जानकारी के अनुसार दिल्ली में चालान की राशि 5000 से 10000 रूपये तक निर्धारित की गई है.,
,
क्या HSRP बाइक और प्राइवेट कारों के लिए भी जरुरी है?,
"जी हाँ, हाई सिक्योरिटी नंबर प्लेट सभी प्रकार के वाहनों के लिए आवश्यक है।",
,
"आशा करते हैं की आपको हाई सिक्योरिटी रजिस्ट्रेशन प्लेट्स की उपरोक्त जानकारी पसंद आई होगी। धीरे धीरे हम अन्य राज्यों की ऑनलाइन नंबर प्लेट सुविधा की जानकारी भी यहाँ जोड़ते रहेंगे। पंजाब, हरियाणा, राजस्थान, महाराष्ट्र, मध्यप्रदेश, बिहार, झारखण्ड, उत्तराखंड, हिमाचल प्रदेश, जम्मू कश्मीर और अन्य राज्यों की ऑनलाइन HSRP अप्लाई सुविधा के लिंक यहाँ संग्रहित हैं। धीरे-धीरे अन्य राज्यों की जानकारी भी यहाँ जोड़ी जाती रहेगी।",
,
कृपा कर अपने मित्र परिचितों के साथ शेयर करना न भूलें।,
"YouTube गूगल समूह का वीडियो कंटेंट प्लेटफार्म है, जिस पर दुनिया की सभी भाषाओँ में विभिन्न विषयों पर वीडियो उपलब्ध हैं। ये वीडियो यूट्यूब के यूजर ही अपने चैनलों पर लोड करते हैं। गूगल यूट्यूब के इन वीडियो के बीच बीच में कुछ advertisement दिखाता है जिससे उसे कमाई होती है। इस कमाई का एक हिस्सा चैनल मालिक को भी दिया जाता है।",
,
इसके अलावा ऑनलाइन कमाई करने का प्रचलित साधन ब्लॉग्गिंग है। Blog बनाने के लिए आपको Domain Name और Web Hosting की जरूरत पड़ती हैं पर यूट्यूब चैनल इनके बिना भी बन सकता है। यूट्यूब चैनल बनाने के लिए शुरू में आपको केवल एक कैमरा और लैपटॉप/डेस्कटॉप की जरुरत पड़ती है।,
,
बहुत से चैनल संचालक आजकल पूर्णकालिक YouTuber हैं और यही उनके जीवन यापन का माध्यम बन चूका है। YouTube के अलावा आप अपने वीडियो को इंस्टाग्राम और फेसबुक पर भी पब्लिश कर सकते हैं और पैसा कमा सकते हैं। फ़िलहाल इस पोस्ट में हम यूट्यूब चैनल और उससे की जाने वाली कमाई पर ही केंद्रित रहेंगे।,
,
इस आर्टिकल में आगे हम जानेंगे की किस श्रेणी के पब्लिशर यूट्यूब से पैसा कमा सकते हैं? और एक औसत यूट्यूब चैनल से आप हर महीने कितना पैसा कमा सकते हैं?,
,
YouTube Channel कैसे बनता है?,
youtube channel,
"यूट्यूब चैनल बनाने के लिए सबसे पहले आपको इंटरनेट का बेसिक ज्ञान होना जरुरी है, उसके बाद सबसे अहम् चीज़ है एक Google Account का होना। यदि आपके पास पहले से गूगल अकाउंट हैं तो आप यूट्यूब की वेबसाइट पर जा कर Create Channel ऑप्शन पर क्लिक करें और शुरू हो जाएँ। इसके बाद आपको स्क्रीन पर दिए गए दिशा निर्देशों का पालन करना हैं और जरुरी सुचना प्रदान करनी हैं।",
,
"आपको चैनल का NICHE भी तय करना होता है, मसलन आप का चैनल किसी एक विशेष क्षेत्र या विषय से जुड़े वीडियो अपलोड करने वाला है। कोशिश करें की आप किसी एक क्षेत्र में ही समय लगाएं, जैसे संगीत, टेक्नीक, खेल , खानपान आदि जैसे कुछ उदहारण हैं। एक साथ हर विषय को कवर करने की कोशिश न करें, यदि आपकी पकड़ एक से अधिक विषय पर है तो उसके लिए अलग – अलग चैनल बनाएं।",
,
"आपको शुरू में जिन सूचनाओं को यूट्यूब का चैनल बनाने के लिए इनपुट करना है वह हैं जैसे चैनल का नाम, चैनल का लोगो, एक सटीक सी चैनल का Description ( विवरण )। निचे के स्टेप्स में हम यह सब विस्तार से समझेंगे।",
,
अच्छी सी Channel Description लिखें :,
"अपने दर्शकों को चैनल की आधारभूत जानकारी About सेक्शन में एक छोटी सी डिस्क्रिप्शन (विवरण) लिख कर दें। विवरण को ज्यादा लम्बा लिखने की जरूरत नहीं होती, संक्षिप्त में छोटा सा और सटीक विवरण लिखें।",
,
"अपने चैनल के विवरण में अत्यधिक जानकारी और अनावश्यक लिंक आदि न डालें। डिस्क्रिप्शन के निचे EMAIL FOR BUSINESS INQUIRIES फील्ड में एक ईमेल पता भी लिखा जा सकता है, जिससे आपके दर्शक आपको ईमेल द्वारा सम्पर्क कर सकें।",
,
"सबसे अंत में आपको LINKS जोड़ने की सुविधा भी मिलती है, जहाँ आप अपने ब्लॉग, वेबसाइट लिंक, ट्विटर हैंडल, इंस्टाग्राम, LinkedIn आदि के लिंक जोड़ सकते हैं।  ",
,
Channel Art & Icon जोड़ें :,
"चैनल की साज़-सज्जा के लिए आप एक आइकॉन और चैनल आर्ट जोड़ें, यह आपके दर्शकों को एक अलग फील देता है। साथ ही आपको ब्रांडिंग में भी मदद मिलती है।",
,
"चैनल आइकॉन: यह 800 X 800 पिक्सेल साइज का होना चाहिए, डिस्प्ले में यह 98 X 98 पिक्सेल में दीखता है और डिवाइस की साइज के हिसाब से एडजस्ट हो जाता है।",
,
चैनल बैनर: 1546 X 423 पिक्सेल साइज की इमेज चैनल बैनर के लिए उपयुक्त है। यह डेस्कटॉप और मोबाइल दोनों की स्क्रीन पर अच्छे से दीखता है।,
,
"कई चैनल संचालक चैनल आर्ट और आइकॉन को अधिक महत्व नहीं देते, पर यह ब्रांडिंग के नजरिये से बहुत आवश्यक होता है। लोगों की मेमोरी में यह जल्दी घर कर जाते हैं और चैनल की प्रसिद्धि बढ़ाने में बहुत सहयोग मिलता है।",
,
YouTube से पैसे कैसे कमाएं?,
"यूट्यूब से पैसे कमाना एक लुभावना ऑप्शन है, बहुत से लोग आजकल पूर्णकालिक चैनल चला कर अपना जीवनयापन करते हैं । पर यह संभव कैसे हो पाता है? यह हम निचे जानेंगे। इसके साथ ही यूट्यूब प्लेटफार्म पर विभिन्न ऑप्शन क्या-क्या हैं वह भी निचे दिया गया है।",
,
YouTube Ads / Google AdSense:,
आपके चैनल पर जब दर्शकों और सब्सक्राइबर की संख्या बढ़ जाए और आपके वीडियो अधिक देखे जाने लगें तो YouTube आपको Channel को YouTube पार्टनर कार्यक्रम (YouTube Partner Program) के रूप में Monetize ( मुद्रीकरण ) करने का विक्लप देता है। उसके पश्चात आपके चैनल पर वीडियोस के बीच में यूट्यूब/गूगल द्वारा एड दिए जाते हैं जिन्हे देखने मात्र या उन पर क्लिक करने पर आपके एडसेन्स खाते में Revenue जुड़ना शुरू हो जाती है।,
,
सम्बंधित पोस्ट:  लॉकडाउन में घर बैठे पैसे कैसे कमाएं? [Covid Special],
जब वह राशि न्यूनतम 100 डॉलर पर पहुंच जाती है तो आप आसानी से उसे अपने किसी भी बैंक खाते में withdraw कर सकते हैं।,
,
"YouTube Channel Monetization आजकल आसान नहीं रहा है , उसके लिए आपके चैनल को निचे लिखी शर्त पूरी करनी होती हैं.",
,
"चैनल के 1,000 से ज़्यादा सदस्य हों",
आपकी उम्र १८ साल की हाे,
"आपके सार्वजनिक वीडियो को पिछले 12 महीनों में 4,000 घंटों से ज़्यादा देखा गया हो.",
अधिक जानकारी के लिए गूगल / यूट्यूब प्रश्नोत्तरी का यह पेज खोल कर पढ़ें।,
,
चैनल की Membership द्वारा:,
यदि आपके चैनल की सदस्य संख्या 30000 पार कर चुकी हो और आप पहले से यूट्यूब पार्टनर प्रोग्राम में भाग ले रहे हैं तो आपको चैनल की सदस्यता बेचने का विकल्प भी मिलता है।,
,
"यह ऑप्शन चुनिंदा चैनलों को ही मिलता है, जो उच्च कोटि का वीडियो कंटेंट बनाते हों और यूट्यूब की सभी शर्तों क पालन करते हों। इसलिए आप नियम और शर्तों को ध्यान से पढ़ कर ही आवेदन करें।",
,
YouTube Premium द्वारा:,
"YouTube Premium द्वारा दर्शक यूट्यूब को हर महीने कुछ पैसा चुकाते हैं, जिससे वे बिना विज्ञापन के और यूट्यूब ओरिजिनल वीडियो देख सकते हैं। इससे दर्शकों का वीडियो देखने का अनुभव तो सुधरता ही है साथ ही यदि आप के चैनल के वीडियो कोई प्रीमियम सदस्य देखता है तो यूट्यूब आपको भी उस सदस्य्ता राशि में से कुछ पैसा भुगतान करता है।",
,
आपको यहाँ भी ध्यान रखना होगा की आपके वीडियो की क्वालिटी और दर्शकों की उसमे दिलचस्पी होगी तो ही आपके चैनल को प्रीमियम सदस्यों द्वारा महत्व दिया जायेगा और आपकी कमाई में बढ़ोतरी होगी।,
,
प्रचार सामग्री बेच कर:,
"चैनल के सब्सक्राइबर बढ़ने पर आप यूट्यूब चैनल पर अपने उत्पादों को भी बेच सकते हैं। यदि आप केवल मनोरंजन चैनल या सेवा क्षेत्र से जुड़ा चैनल चलते हैं तो आप अपने चैनल द्वारा ब्रांडेड टी-शर्ट, कॉफ़ी मग, कैलेंडर आदि बेच सकते हैं।",
,
"आप अपने चैनल का स्टोर बना सकते हैं और साथ ही 12 प्रोडक्ट्स को वीडियो में पिन भी कर सकते हैं। इस तरह से आपके उत्पाद वीडियो के निचे दर्शकों को दिखेंगे , जहाँ पर क्लिक कर वे उन्हें खरीद भी सकते हैं।",
,
Affiliate Marketing & Paid Video द्वारा:,
आप अपने वीडियो के विवरण में कुछ एफिलिएट लिंक भी जोड़ सकते हैं जहाँ पर दर्शक क्लिक करें तो आपको कुछ कमाई या कमीशन मिल सकता है। ध्यान रहे की आप सिमित और वीडियो से जुड़े हुए एफिलिएट लिंक ही जोड़ें।,
,
"उदहारण के लिए यदि आपका वीडियो किसी रेसिपी पर आधारित है तो आपको उससे जुड़े एफिलिएट लिंक ही वीडियो डिस्क्रिप्शन में डालने चाहियें, जैसे रसोई का सामान , कुकिंग बुक आदि।",
,
Paid Video: आपके चैनल की प्रसिद्धि के बाद हो सकता है की कोई कंपनी अपने उत्पाद या सेवा के प्रचार के लिए आपको संपर्क करे और उनके इस्तेहार के लिए आपको एकमुश्त राशि भी भुगतान करे। ऐसे में आपको उनके प्रोडक्ट के फायदे बताते हुए वीडियो बना कर अपने चैनल पर डालना होता है।,
,
इसमें विशेष ध्यान रखने वाली बात यह है की आप किसी भी प्रोडक्ट का प्रचार तभी करें जब आपका उसमे विश्वास हो।,
,
सार (Conclusion):,
आज कल यूट्यूब चैनल बनाना बहुत आसान है इसमें आपको Hosting का खर्चा करने की जरुरत भी नहीं है और इससे कमाई भी अच्छी हो जाती है। आपको तो केवल ध्यान देना होगा रोचक और दिलचस्प कंटेंट बनाने पर। एक बार आप नियमित रूप से अच्छे-अच्छे वीडियो अपलोड करना शुरू कर देंगे तो जल्द ही आपका चैनल आपको कमाई देना शुरू कर देगा।,
,
"शुरू में धैर्य रखने की आवश्यकता है, कई लोग चैनल बना कर पहले ही दिन से कमाई की अपेक्षा करने लग जाते हैं। जो की जल्दबाज़ी है, आपको समय और मेहनत दोनों देने होंगे तभी पहिया घूमेगा। पर एक बार घूम गया तो फिर आपको पीछे मुड़ कर देखने की आवश्यकता नहीं होगी।",
,
"यूट्यूब चैनल से होने वाली कमाई शुन्य से कुछ हज़ार रूपये प्रति महीना भी हो सकती है, पर कुछ चैनल मालिक तो 10 से 15 लाख प्रति माह भी कमाते हैं। आप की मेहनत के हिसाब से ही कमाई होगी।",
,
आपको हमारा आर्टिकल कैसा लगा यह कमैंट्स में लिख करे बताएं और दूसरों के साथ शेयर भी करें।,
"ब्लॉग अथवा ब्लॉग्गिंग की तरह ही Vlog या Vlogging भी प्रचलन में है। साधारण शब्दों में Vlog का अर्थ है Video Blog. ब्लॉग में आप लेखन और चित्रों का उपयोग करते हैं, और Vlogging में स्वनिर्मित वीडियो का।",
,
"ब्लॉग की शुरुआत तो आप Bluehost से Web Hosting लेकर कर सकते हैं पर Vlog बनाने के लिए आपको वीडियो प्लेटफार्म की जरूरत पड़ती है। आइये, इस लेख में हम विस्तार से Vlogging के बारे में पढ़ेंगे और इससे जुड़ी जानकारी लेंगे।",
,
Vlog क्या होता है? – In Hindi,
vlog-vlogging,
वीडियो ब्लॉग या Video log को शार्ट फॉर्म में Vlog कहा जाता है। जिस प्रकार आप ब्लॉग पर नियमित रूप से लिखते हैं ठीक वैसे ही Vlogging के लिए आप अपने वीडियो को YouTube या अन्य किसी वीडियो होस्टिंग प्लेटफॉर्म पर अपलोड करते हैं। इसके लिए आपको Web Hosting आदि खरीदने की भी जरूरत नहीं है।,
,
इसके बाद आप अपने सब्सक्राइबर्स को नियमित कंटेंट प्रदान कर अपने चैनल की प्रसिद्धि बढ़ा सकते हैं। जैसे-जैसे आपके सब्सक्राइबर आपके वीडियोज को देखना शुरू करेंगे तो आपके चैनल के व्यू बढ़ते जाएंगे और अन्तोगत्वा आप अपने कंटेंट को मोनेटाइज कर सकेंगे जिससे आपकी कमाई होगी।,
,
Vlog कैसे बनाएं? – In Hindi,
"व्लॉग बनाने के लिए सबसे पॉपुलर प्लेटफार्म YouTube ही है , इसके अलावा आप Facebook या  Instagram का भी इस्तेमाल कर सकते हैं। किन्तु लोगों में सबसे अधिक प्रचलित यूट्यूब ही है, गूगल समूह का उपक्रम होने के चलते YouTube की पहुँच और रेस्पॉन्स बहुत अच्छा है।",
,
यूट्यूब का चैनल बनाने के लिए सबसे पहले YouTube.Com खोलें और Create Channel पर क्लिक करें तथा निर्देशों का पालन करें।,
,
"जब आप का चैनल बन जाए तो आपको केवल एक अच्छा सा कैमरा और उसके अलावा वीडियो एडिटिंग सॉफ्टवेयर चाहिए। यदि शुरू में बजट की समस्या हो तो आप वीडियो रिकॉडिंग के लिए अपना मोबाइल फ़ोन भी इस्तेमाल कर सकते हैं। जब चैनल चल पड़े तो अपने सब्सक्राइबर्स का अनुभव सूधारने के लिए आप एक DSLR कैमरा, Microphone और Tripod आदि भी खरीदे सकते हैं।",
,
सबसे महत्वपूर्ण स्टेप है अपने यूट्यूब चैनल के विषय के चयन को लेकर। आप जिस विषय में स्वयं रूचि रखते हों उसी से सम्बंधित चैनल बनावें। अक्सर देखने में आता है की लोग चैनल तो बना लेते हैं पर विषय को लेकर कंफ्यूज रहते हैं। एक बार आप तय कर लेंगे की आपके वीडियो ब्लॉग का विषय क्या हो तब आप मान लें की आप तैयार हैं अपना व्लॉग लांच करने के लिए।  ,
,
सम्बंधित पोस्ट:  ब्लॉग से पैसे कैसे कमाएं? How to Make Money from Blogging - In Hindi,
सफ़ल Vlog या YouTube Channel कैसे चलाएं?,
ध्यान रहे की केवल चैनल बना लेने से आप एक सफल YouTube Influencer नहीं बन सकते । उसके लिए आप को बहुत मेहनत करनी होगी। निरंतर अच्छे और लोगों को पसंद आने वाले वीडियो बनाकर अपलोड करेंगे तो ही आपके चैनल के सब्सक्राइबर और व्यूज में बढ़ोतरी होगी।,
,
"आपको ध्यान रखना है की वीडियो की लम्बाई, साउंड इफ़ेक्ट और वीडियो इफ़ेक्ट अच्छे हों?अत्यधिक लम्बे वीडियो को लोग कम पसंद करते हैं साथ ही वॉइस क्वालिटी और स्पेशल इफ़ेक्ट भी कुछ ऐसे हों की देखने वाले बोर न हों।",
,
अपने चैनल पर वीडियो अपलोड करने की एक समय सारणी बनाएं और कोशिश करें की उसमे कोई व्यवधान न पड़े। क्योंकि सब्सक्राइबर बढ़ने के बाद आपके चैनल से लोगों की अपेक्षा बढ़ जाती है और उनको नियमित नए वीडियो का इंतजार रहता है। नए वीडियो को अपलोड करने का समय और दिन भी ऐसा चुनें जब आपके चैनल पर ज्यादा ट्रैफिक आता हो।,
,
"यूट्यूब के अलावा नए वीडियो को Facebook , इंस्टाग्राम, Vimeo, DailyMotion आदि पर भी लोड कर सकते हैं।",
,
Vlog से कमाई कैसे होती है?,
"आपके व्लॉग से कमाई का सबसे अच्छा जरिया है गूगल द्वारा यूट्यूब चैनल का मौद्रीकरण (YouTube Channel Monetisation) है, यूट्यूब के अलावा फेसबुक भी आपको यह सुविधा प्रदान करता हैं। अपने चैनल के मौद्रीकरण के लिए सबसे ज्यादा जरुरी है अपने चैनल के कंटेंट और सब्सक्राइबर समूह को आपस में बांधे रखना। नियमित ट्रैफिक और लोगों की रूचि ही आपके revenue को बढ़ा सकता है।",
,
"इसके अलावा आप किसी प्रोडक्ट की पेड मार्केटिंग भी कर सकते हैं और वीडियो के डिस्क्रिप्शन स्पेस में एफिलिएट लिंक इत्यादि भी इन्सर्ट कर सकते हैं। बहुत से सेलिब्रिटी Vlogger किसी सार्वजनिक आयोजन में हिस्सा लेने के लिए फीस भी लेते हैं। जैसे कोई कांफ्रेंस हो, प्रदर्शनी हो या फिर कोई गेस्ट स्पीकर की भूमिका हो। पर यह सब तभी संभव है जब आपका चैनल थोड़ा प्रसिद्ध हो चूका हो।",
,
Wrap Up – सार:,
"आज के समय में लोगों के पास समयाभाव है , ऐसे में ब्लॉग पोस्ट पढ़ने से ज्यादा रूचि वीडियो देखने में रहती है। आप ब्लॉग और उससे जुड़ा व्लॉग बना कर सफलता प्राप्त कर सकते हैं, जिससे आपके पाठक और दर्शक दोनों को उनकी मनपसंद का कंटेंट मिल सके । इसलिए हमारा सुझाव है की आप Blog और Vlog के बीच बैलेंस बना कर चलें।",
,
वीडियो होस्टिंग लगभग मुफ्त है और इसमें आपको कमाई बहुत ज्यादा होने के चांस रहते हैं इसलिए आप इस क्षेत्र में अपनी किस्मत आजमा सकते हैं।,
,
आपको पोस्ट अच्छी लगी हो तो शेयर जरूर करें।,
"वैश्विक महामारी Covid-19 ने 2019 के अंत में दस्तक दी थी, लगभग 1 वर्ष होने को आया पर अब भी इस संक्रमण का कोई कारगर इलाज नहीं मिल सका है। दुनिया के विभिन्न देशों में आंशिक LockDown अब भी चल रहा है और कब तक चलेगा अभी यह भी मालूम नहीं है। ऐसे में वैश्विक अर्थव्यवस्था पर बहुत प्रतिकूल असर पड़ा है। विकासशील देशों का सकल घरेलू उत्पाद (GDP), कंपनियों के बिज़नेस और मुनाफे पर इसका सीधा-सीधा नेगेटिव असर दिख रहा है।",
,
"ऐसे में लोगों की नौकरी और काम धंधों पर भी आंच आई है, और लाखों लोग या तो नौकरी गँवा चुके हैं या फिर वित्तीय घाटे का सामना कर रहे हैं। ऐसे में यह आवश्यक हो जाता है की कोई समानांतर कमाई का तरीका हो जो आपको इस लॉकडाउन में घर बैठे कुछ कमाई करा सके। हमारे प्रधानमंत्री जी ने भी आपदा को अवसर में बदलने का आह्वान किया है।",
,
"इस आर्टिकल में हम जानेंगे की कैसे आप घर बैठे वर्क फ्रॉम होम (Work From Home) द्वारा कमाई कर सकते हैं, साथ ही जान लें कि लॉकडाउन में ऑनलाइन ठग गिरोह भी सक्रिय हैं ऐसे में उनसे अपने आप को कैसे बचाएं?",
,
लॉकडाउन में वर्क फ्रॉम होम – (Work From Home in LockDown),
वर्क फ्रॉम होम,
"आज के समय में एक परिवार का मासिक बजट बिना रोज़गार या काम धंधे के पूरा कर पाना बहुत मुश्किल है। लॉकडाउन ने बहुत से घरों के बजट को बिगाड़ा है, ऐसे में मुखिया की चिंता लाज़मी है की कमाई के उस गैप को कैसे पूरा करे?",
,
"आज के डिजिटल युग में हम कुछ ऐसे काम कर सकते हैं जो आपको घर बैठे कमाई प्रदान करने में सहयोग कर सकते हैं, ऐसे ही कुछ वर्क फ्रॉम होम के तरीके हम निचे आपके लिए पेश कर रहे हैं। आशा है की इससे आपको कमाई के नए आयामों की जानकारी मिलेगी।",
,
Blogging और Vlogging द्वारा:,
आज के समय में एक अच्छा ब्लॉग आपको घर बैठे एक औसत नौकरी जितनी मासिक आय दे सकता है। इसके लिए आपको Domain Name और Bluehost जैसी किसी कम्पनी की Web Hosting सेवा लेनी होगी और इसमें कुल शुरुआती खर्च भी मात्र 1 से 2 हजार रूपये का ही है।,
,
इस विषय में आप हमारी इस पोस्ट पर जा कर सीख सकते हैं की ब्लॉग कैसे बनाया जाये?,
,
"Blogging की तरह आजकल Vlogging भी कमाई का अच्छा तरीका है, Vlog में आपको वीडियो बना कर यूट्यूब पर अपलोड करने होते हैं। जैसे ही आपका Vlog अच्छा ट्रैफिक प्राप्त करना शुरू करता है तब YouTube आपको advertisement revenue में से एक हिस्सा देता है। कुछ लोग केवल ब्लॉग और यूट्यूब चैनल से हर महीने लाखों रूपये कमा रहे हैं।",
,
"आप अपने ब्लॉग और यूट्यूब चैनल का मुख्य विषय अपनी रूचि के हिसाब से रख सकते हैं। जैसे टेक्नोलॉजी, खानपान, स्पोर्ट्स, गेमिंग, संगीत, बागवानी इत्यादि। वर्क फ्रॉम होम क्षेत्र में Passive Income का सबसे पॉपुलर तरीका ब्लॉग या व्लॉग ही है।",
,
Online Tutor – ऑनलाइन क्लास द्वारा:,
यदि आपकी रूचि अध्यापन में है और किसी विषय पर आपकी पकड़ अच्छी है तो आप ऑनलाइन क्लासेज प्रदान कर सकते हैं।,
,
"कोरोना के चलते स्कूल और कॉलेज लगभग बंद पड़े हैं और विद्यार्थियों को शिक्षण संसथान ऑनलाइन ही पढ़ा पा रहे हैं, ऐसे में आप उनको ट्यूशन क्लास भी ऑनलाइन दे सकते हैं।",
,
"यह आवश्यक नहीं की ऑनलाइन क्लासेज केवल नियमित स्कूली शिक्षा से जुडी ही हो, आप लैंग्वेज सिखाने की क्लास, किसी अन्य हॉबी से जुड़ी क्लास या करियर कॉउंसलिंग आदि भी ऑनलाइन प्रदान कर सकते हैं।",
,
Digital और Social Media Marketing द्वारा:,
आज के युग में हर प्रोडक्ट और सेवा प्रदान करने वाले उपक्रम को डिजिटल मार्केटिंग एक्सपर्ट्स की सेवा की आवश्यकता रहती है। साथ ही सोशल मीडिया पर उनके पेज और चैनल्स को चलाने के लिए भी किसी व्यक्ति की आवश्यकता होती है।,
,
सम्बंधित पोस्ट:  YouTube चैनल कैसे बनाएं और पैसा कैसे कमाएं?,
"यह कार्य आप घर बैठे कर सकते हैं। इसके लिए आपको आवश्यकता पड़ेगी एक अदनी ट्रेनिंग की, इस प्रकार की प्रारंभिक ट्रेनिंग इंटरनेट पर मुफ्त भी उपलब्ध हैं। आप Google Skillshop या Facebook से फ्री ट्रेनिंग प्राप्त कर सकते हैं। यह मुफ्त में स्वरोजगार का सबसे अच्छा तरीका है और असल मायने में वर्क फ्रॉम होम कहा जा सकता है।",
,
एक बार ट्रेनिंग लेने के पश्चात आप इस प्रकार का ऑनलाइन काम Freelancer जैसी किसी वेबसाइट पर ढूंढ सकते हैं।,
,
Advance Booking of Services द्वारा:,
यदि आप सेवा क्षेत्र में हैं तो यह भी एक तरीका है धन अर्जित करने का। उदहारण के लिए मान लें की आप होटल चलाते हैं या टूरिस्ट गाइड आदि हैं तो आप आपने रेगुलर ग्राहकों को डिस्काउंट आदि प्रदान कर अग्रिम बुकिंग कर सकते हैं।,
,
"स्वाभविक है की यह एक लम्बी अवधि के लिए किया जा सकता है, मसलन साल भर पहले बुकिंग करना। यह पूर्णतः ग्राहक पर निर्भर करता है की वह ऐसी सेवाओं के लिए तैयार है या नहीं, पर आप डिस्काउंट आदि ऑफर कर दें तो हो सकता है वे तैयार हो जाएँ और आपको कुछ अग्रिम राशि मिल जाए।",
,
यह विधि केवल सेवा क्षेत्र में काम कर सकती है और वह भी परस्पर विश्वास के बुते पर।,
,
सरकारी वर्क फ्रॉम होम विकल्प:,
भारत सरकार ने National Career Service के रूप में एक नौकरी पोर्टल बनाया है। आपको जानकर ख़ुशी होगी की इस पोर्टल पर भी वर्क फ्रॉम होम जॉब्स उपलब्ध हैं। आपको इस वेबसाइट पर जा कर Advanced Search में जा कर Job Nature ड्राप डाउन में Full Time/Work From Home चुनना होगा।,
,
कोरोना संक्रमण की शुरआत के बाद से इस पोर्टल पर वर्क फ्रॉम होम जॉब्स की बहुत सी नई नौकरियां पोस्ट हुई हैं।,
,
इसी प्रकार कई राज्यों की सरकारों ने भी ऐसे पोर्टल शुरू किये हैं। दिल्ली सरकार ने भी रोज़गार बाजार नामक पोर्टल शुरू किया है जिसका लिंक यह है : https://jobs.delhi.gov.in/,
,
वर्क फ्रॉम होम सम्बंधित ठगी से बचने के तरीके,
कोरोना वायरस के संक्रमण से जहाँ कामकाजी लोगों को दिक्कत का सामना करना पड़ रहा है वहीँ ऑनलाइन ठग और अन्य ऐसे तत्त्व भी इंटरनेट पर सक्रिय हो गए हैं। ऐसे में जरुरी है की आप सतर्क और सावधान रहें।,
,
"हम ऑनलाइन ठगों से आपके धन की सुरक्षा के लिए कुछ टिप्स निचे लिख रहे हैं, कृपा कर इनका अनुसरण करें और किसी भी माली नुकसान से अपने आप को बचाएँ।",
,
"किसी भी ऑनलाइन कार्य देने वाली कंपनी की जाँच पड़ताल करें , उसके बाद ही काम के लिए हामी भरें।",
किसी को भी किसी ऑनलाइन जॉब के लिए किसी प्रकार की फीस न दें।,
"बहुत से बहरूपिये बड़ी कंपनियों के नाम से फ़र्ज़ी ऑफर आदि देते हैं, पहले तसल्ली कर लें की वे असल में उस कंपनी से जुड़े हैं या नहीं।",
"नौकरी की चाह में अपने निजी डिटेल्स , बैंक और क्रेडिट कार्ड डिटेल्स या OTP किसी से शेयर न करें।",
किसी भी ऑनलाइन लाटरी या जुए की स्कीम में न फंसे।,
"अपने मोबाइल की पेमेंट वॉलेट एप्प जैसे PayTM, Phonepe , GPay आदि का नंबर ऑनलाइन शेयर न करें।",
Conclusion – सार:,
आज के समय में यह आसान है की आप घर बैठे कुछ काम कर सकते हैं और अपना जीवन यापन भी कर सकते हैं। इसमें आप को दृढ विश्वास और खुद पर भरोसे की जरुरत है। इसके अलावा थोड़ी सी सतर्कता से आप ठगी से बच कर रहें तो आप को लॉक डाउन में भी ऑनलाइन काम मिलेगा और कमाई भी।,
,
"यदि यह आर्टिकल अच्छा लगे तो अपने परिचितों के साथ शेयर जरूर करें, शायद किसी की मदद हो जाए। कोई सुझाव या सवाल हों तो निचे कमैंट्स में लिखें।",
,
"आइये UPI के बारे में हिंदी में जानकारी प्राप्त करते हैं। सबसे पहले जानतें हैं की UPI  की फुल फॉर्म क्या है? UPI का अर्थ है Unified Payments Interface, यह इंटरनेट आधारित पेमेंट भुगतान करने का नवीनतम साधन है।",
,
"UPI के इस्तेमाल के लिए आपको एक बैंक खाता, उससे जुड़ा मोबाइल नंबर और एक मोबाइल एप्प की आवश्यकता पड़ती है। यदि आपके स्मार्टफ़ोन में UPI App है तो आप आसानी से पैसा ट्रांसफर कर सकते हैं।",
,
,
,
,
,
,
,
,
,
,
,
,
,
,
,
,
,
,
,
,
,
,
,
,
,
,
,
,
,
,
,
UPI से पहले प्रचलित पेमेंट के विभिन्न माध्यम,
"प्राचीन काल से ही व्यापर-विनिमय के लिए मुद्रा का लेन-देन होता आ रहा है। समय के साथ-साथ मुद्रा के रूप में भी बदलाव आता रहा है। अलग-अलग समय पर कौड़ियों, चमड़े के सिक्कों, सोना चाँदी जैसे बहुमूल्य धातु के सिक्कों, कागज़ी नोट आदि का उपयोग होता रहा है।",
,
"जैसे-जैसे तकनीक का विकास होता गया वैसे-वैसे भुगतान के तरीके भी बदलते गए। चेक, डिमांड ड्राफ्ट, पे आर्डर, मनीआर्डर आदि का समय भी आया और चला गया। आज के समय में इंटरनेट के उद्भव ने भुगतान के लिए ATM, NEFT, RTGS, SWIFT, IMPS , BHIM और UPI जैसे नए आयाम प्रदान किये हैं।",
,
"इन सब माध्यमों ने नकदी के लेनदेन को काफी कम (Cashless) कर दिया है, और चन्द क्लिक और मोबाइल स्क्रीन को टैप करके हम चुटकियों में पैसा ट्रांसफर या प्राप्त कर सकते हैं।",
,
प्रतीकात्मक चित्र,
,
,
,
,
,
,
,
,
,
,
,
,
,
"जबसे UPI का इस्तेमाल बढ़ा है तबसे कुछ नए तरह के फ्रॉड भी होने लगे हैं, आगे हम यह भी पढ़ेंगे की आप कैसे ऑनलाइन ठगी से अपने आप को सुरक्षित रख सकते हैं?",
,
What is UPI?(in Hindi). हिंदी में UPI की जानकारी,
वर्ष 2008 में रिज़र्व बैंक और अन्य बड़े बैंकों ने मिलकर भारतीय राष्ट्रीय भुगतान निगम अर्थात National Payments Corporation of India (NPCI) नामक संस्था का गठन किया। इस नॉन प्रॉफिट संस्था का मुख्य उदेश्य देश की अर्थव्यवस्था में पैसे के लेनदेन को सुगम बनाना है। इसी कड़ी में NPCI ने 2016 में UPI की शुरुआत की।,
,
आपके बैंक की यूपीआई एप्प आपको एक वर्चुअल पेमेंट एड्रेस (Virtual Payment Address – VPA) रजिस्टर करने की सुविधा प्रदान करती हैं। जिसके इस्तेमाल से आप पेमेंट का अदन प्रदान कर सकते हैं।,
,
"VPA का स्वरुप ईमेल एड्रेस से मिलता जुलता होता है, उदहारण के लिए कुछ ऐसे :",
,
VPA Example: username@bankid ,
,
आप अपनी UPI एप्प पर किसी भी beneficiary का वपा आईडी एंटर करके तुरंत भुगतान कर सकते हैं। यह सुविधा 24 घंटे और सातों दिन काम करती है। रविवार और अन्य छुट्टियों के दिन भी आप इससे पैसे का लेनदेन कर सकते हैं।      ,
,
सम्बंधित पोस्ट:  सुकन्‍या समृद्धि योजना - Sukanya Samriddhi Yojana in Hindi,
,
UPI के फायदे और लिमिट,
,
यह सुविधा रियल टाइम बेसिस पर काम करती है मतलब पैसा हाथों हाथ ट्रांसफर होता है,
UPI 24 घण्टे और छुट्टी के दिन भी काम करता है,
"पैसे ट्रांसफर करने के लिए आपको केवल VPA एड्रेस मालूम होना चाहिए. आपको IFSC Code, बैंक अकाउंट नंबर या MICR आदि याद करने की जरुरत नहीं पड़ती.",
"प्रतिदिन आप 1 लाख तक की राशि यूपीआई द्वारा ट्रांसफर कर सकते हैं, पर सभी बैंकों ने प्रति ट्रांसक्शन अलग अलग सीमा तय रखी हैं.",
"इमरजेंसी में यूपीआई द्वारा तुरंत भुगतान किया जा सकता है. इसके अलावा UPI से बिल भुगतान, ऑनलाइन खरीदारी और QR कोड स्कैन कर दुकानदार को भी भुगतान किया जा सकता है.",
यूपीआई सुविधा लगभग सभी बैंको में उपलब्ध है. यह आर्टिकल लिखे जाने के समय तक लगभग 150 छोटे बड़े बैंक UPI सुविधा प्रदान कर रहे हैं।,
,
UPI को सुरक्षित रूप से कैसे इस्तेमाल करें?,
डिजिटल पेमेंट्स के आगमन के साथ साथ ठग भी धोखा देने के नए नए तरीके खोजते रहते हैं। आइये हम आपको बताते हैं की आप अपने UPI App से सुरक्षित भुगतान कैसे करें?,
,
ये नियम न केवल यूपीआई बल्कि अन्य प्रकार के ऑनलाइन भुगतान को सुरक्षित रखने में भी आपकी मदद करेंगे।,
,
अपने मोबाइल और यूपीआई एप्प को हमेशा अपडेट रखें,
किसी भी अपरिचित को अपना मोबाइल न दें,
VPA एड्रेस टाइप करते समय स्पेलिंग की गलती न करें,
जब आप पैसा ट्रांसफर करने के लिए किसी का VPA एड्रेस डालते हैं तो एप्प में उसका पूरा नाम दिखाई पड़ता है. पेमेंट करने से पहले उस नाम को वेरीफाई कर लें,
"किसी भी अपरिचित को किसी भी प्रकार का OTP, कार्ड नंबर, खाता नंबर, CVV नंबर आदि न बताएं",
कुछ ठग आपको लालच देने के लिए 10 या 100 रूपये जैसी छोटी मोटी रकम ट्रांसफर कर देते हैं. उसके बाद आपको झांसे में फंसा कर पैसा ट्रांसफर करने की कोशिश करते हैं. कृपा कर लालच में न आएं अन्यथा आप के साथ ठगी हो सकती है.,
,
"आशा करते हैं की आपको UPI से जुड़े विषय पर जानकारी मिल गई है, यदि फिर भी आपको कोई सवाल हो तो आप कमैंट्स में लिख कर पूछ सकते हैं। निचे दिए शेयर बटनों द्वारा यह आर्टिकल अपने मित्रों और रिश्तेदारों के साथ भी शेयर किया जा सकता है।",
,
"एटीएम की जानकारी, उपयोग नियम व सावधानियां – ATM Basic Information in Hindi.",
"आज के समय में ATM कार्ड सबकी जेब में एक छोटा सा स्थान घेरे रहता है, प्लास्टिक का यह छोटा सा टुकड़ा एक चाबी की तरह है जिसके इस्तेमाल से हम अपने बैंक खाते में से पैसा निकाल सकते हैं। यह केवल एक आधारभूत सेवा है जो एटीएम कार्ड के इस्तेमाल द्वारा संभव है पर आज कल धन निकाशी के अलावा अन्य वित्तीय सेवाएं भी हैं जो इस छोटे से कार्ड द्वारा उपलब्ध की जा सकती हैं।",
,
आगे हम ATM Card और इसके इतिहास और इस्तेमाल के बारे में जानेंगे। साथ ही आपको कार्ड सम्बन्धी कुछ सावधानी और सुरक्षा की जानकारी भी देने का प्रयास करते हैं।,
,
atm-kya-hai,
एटीएम का हिंदी में अर्थ-ATM Meaning in Hindi,
"ATM का अंग्रेजी अर्थ है Automated Teller Machine, शार्ट फॉर्म में इसे एटीएम कहा जाता है। यदि हम शुद्ध हिंदी में जानना चाहें तो इसे स्वचालित गणक मशीन कहेंगे। आधुनिक एटीएम मशीन लगभग वह सभी कार्य कर सकती है जो बैंक Teller अथवा बैंक केशियर/क्लर्क करते हैं। उदहारण के लिए धन निकाशी , धन जमा , बिल पेमेंट , मोबाइल रिचार्ज आदि।",
,
"सर्वप्रथम बैंक एटीएम कार्ड का इस्तेमाल अमेरिका में सिटी बैंक के ग्राहकों ने ईस्वी 1961 में किया, पर शुरू में ग्राहकों ने इसमें खास रूचि नहीं दिखाई और कुछ समय बाद यह प्रोजेक्ट ठन्डे बस्ते में चला गया।",
,
दूसरा और सफल प्रयोग ईस्वी 1967 में लंदन में बार्कलेज बैंक ने किया और इसबार प्रयोग सफल रहा तथा उसके बाद धीरे-धीरे यह तकनीक विश्वभर में फ़ैल गई।,
,
"भारत में 1987 में बम्बई में HSBC बैंक ने पहला एटीएम स्थापित किया। सन 2000 तक भारत में इस टेक्नोलॉजी का सिमित प्रोयग ही हो सका, पर उसके बाद निजी बैंकों के आगमन के साथ ही यह तेज़ी से फैला और जन-जन की पहुँच में आ सका। आज छोटे से छोटे बैंक के ग्राहकों को यह सुविधा उपलब्ध है।",
,
एटीएम कैसे काम करता है? – How ATM works? – in Hindi.,
यह सवाल जिज्ञासु मन में जरूर आता होगा की एटीएम नेटवर्क कैसे काम करता है? कैसे करोड़ों बैंक खाता धारकों और उनके लेनदेन का हिसाब रखता है? आइये समझते हैं।,
,
"शुरुआत में एटीएम मशीन बैंक के डाटा सर्वर से टेलीफोन लाइन द्वारा जुड़ी होती थी, आजकल इंटरनेट लीज लाइन या VPN network द्वारा कनेक्टेड रहती हैं। ATM मशीन अपने आप में एक डाटा टर्मिनल मशीन के रूप में काम करती हैं। जहाँ ग्राहक अपने कार्ड और सीक्रेट पिन नंबर की प्रविष्टि करने के बाद लेन-देन कर सकता है।",
,
"ATM मशीन में 4 तरह के आउटपुट डिवाइस और 2 तरह के इनपुट डिवाइस लगे होते हैं, जिनका वर्णन कुछ इस प्रकार है।",
,
एटीएम इनपुट डिवाइस – ATM Input Devices,
"कार्ड रीडर – यह वह स्थान है जहाँ आप अपना कार्ड डालते हैं, मशीन कार्ड को रीड करने के पश्चात वापस आपको इसी मार्ग से लौटा देती है।",
कीपैड – Keypad माध्यम है PIN नंबर एंट्री कर अपनी पहचान को सत्यापित करने और सेवा के चयन करने का।,
एटीएम आउटपुट डिवाइस – ATM Output Devices,
डिस्प्ले या मॉनिटर – यह एटीएम की डिस्प्ले स्क्रीन है जिसपर आपको आपके लेनदेन और अन्य सभी कार्यों का ब्यौरा नजर आता है।,
रसीद प्रिंटर – आपके लेनदेन का ब्यौरा लिखित रूप से कागज़ी रशीद पर छप कर यहाँ से निकलता है।,
स्पीकर – आज कल नई एटीएम मशीन में स्पीकर भी लगा रहता है जो आपके हर स्टेप से जुडी जानकारियां ध्वनि रूप में उद्घोषित करता है। संभवत यह सुविधा दिव्यांग जनों को ध्यान में रख कर शुरू हुई है। इसके अलावा कीपैड पर ब्रेल लिपि में भी नंबर लिखे होते हैं।,
नकद निकासी द्वार – यह सबसे महत्वपूर्ण स्थान है जहां से करारे नोट निकलते हैं।,
सम्बंधित पोस्ट:  UPI क्या है और कैसे इस्तेमाल होता है? UPI in Hindi,
एटीएम कार्ड के प्रकार – Types of Cards used in ATM,
"डेबिट कार्ड (Debit Card) – इस प्रकार का कार्ड आपके बैंक अकाउंट से जुड़ा होता है, हर लेनदेन आपके खाते में उपलब्ध राशि के हिसाब से ही होता है।",
"क्रेडिट कार्ड (Credit Card) – क्रेडिट कार्ड भी बैंक या अन्य वित्तीय संस्थानों द्वारा जारी किये जाते हैं, यह एक प्रकार का उधार है जो इस्तेमाल के बाद मासिक पेमेंट द्वारा चुकाया जाता है। क्रेडिट कार्ड का इस्तेमाल सावधानी पूर्वक करें।",
"कार्ड जारीकर्ता – मुख्यतः पांच बड़ी कार्ड जारीकर्ता कम्पनियाँ हैं जिनके नाम कुछ इस प्रकार हैं, American Express, Mastercard, VISA, Discover और RuPay.",
RuPay कार्ड भारत सरकार का अपना ब्रांड है। जो लगभग सभी जगह स्वीकार्य है।,
,
"बैंक या जारीकर्ता वित्तीय संस्था विभिन्न कार्डों को जारी करने की एवज में सालाना फीस भी ले सकती हैं , वहीँ कुछ कार्ड मुफ्त में इशू किये जाते हैं।",
,
एटीएम के विभिन्न इस्तेमाल – Usage of ATM,
"एटीएम द्वारा धन निकाशी, बैलेंस चेकिंग और मिनी स्टेटमेंट मुख्य सेवा अवश्य हैं पर केवल यह ही सिमित सेवा नहीं है जो आप ATM द्वारा प्राप्त कर सकते हैं। इसके अलावा ATM से धन राशि जमा भी की जा सकती है साथ ही आप अपना मोबाइल रिचार्ज आदि भी कर सकते हैं। अपने बिलों का भुगतान, फण्ड ट्रांसफर , लोन एप्लीकेशन आदि जैसी सुविधा भी एटीएम द्वारा पाई जा सकती हैं।",
,
"जीवन बीमा भुगतान, चेक बुक और FD करवाना जैसी सुविधाएं भी ATM पर उपलब्ध होती हैं।",
,
ATM इस्तेमाल से जुडी सावधानियां – एटीएम से पैसे कैसे निकालें?,
"एटीएम का पिन नंबर (सीक्रेट कोड) हमेशा सुरक्षित रखें, अगर आप लिख कर रखना चाहें तो आपको ध्यान रखना चाहिए की वह केवल आपकी पहुँच तक रहे।",
जब आप एटीएम कक्ष में जाएँ तो ध्यान रहे की वहां कोई और मौजूद न हो।,
"एटीएम मशीन के कार्ड रीडर और कीपैड को ध्यान से देखें, कहीं उन पर कोई असामन्य आवरण तो नहीं है?",
अपने बैंक से प्राप्त किसी भी OTP या अन्य मैसेज को किसी के साथ भी शेयर न करें।,
"धन निकाशी के बाद एटीएम कक्ष में ही नोटों की गिनती कर लें, यदि कोई त्रुटि हो तो शीघ्र बैंक को सूचित करें।",
"किसी भी फ़ोन कॉल पर एटीएम कार्ड का नंबर, एक्सपायरी डेट, CVV कोड, OTP या पिन नंबर न बताएं। बैंकों का नियम है की वो आप से कभी भी ये जानकारी फ़ोन पर नहीं पूछेंगे।",
लेख का सार – Conclusion,
"एटीएम एक ऐसी सुविधा है जो आप को और बैंक दोनों को फायदा पहुंचाती है, आपको अपने लेनदेन का नियंत्रण अपने हाथ में देती है तथा बैंक को ग्राहकों के नियमित जमा और निकाशी सम्बंधित लेनदेनों के कार्य से थोड़ा आराम देती है। यदि सावधानी पूर्वक इस्तेमाल किया जाए तो ATM के कोई नुक्सान नहीं हैं और केवल फायदे ही फायदे हैं।",
,
"आपके एटीएम सम्बंधित सवाल और सुझाव आमंत्रित हैं , निचे कमैंट्स में जरूर प्रतिक्रिया दें और इस लेख को शेयर भी करें।",
,
"सुकन्या समृद्धि योजना (Sukanya Samriddhi Yojana) भारत के प्रधनमंत्री श्री नरेंद्र मोदी के पहले कार्यकाल की एक अनूठी सौगात है, यह योजना बेटी बचाओ बेटी पढ़ाओ अभियान का एक महत्वपूर्ण अंग है। केंद्र सरकार की इस स्कीम का मुख्य ध्येय है बालिका के नाम पर निवेश और उससे अच्छी रिटर्न्स प्रदान करना, आसान शब्दों में इस योजना से अच्छी ब्याज दर और टैक्स में बचत का लाभ प्राप्त होता है।",
,
Sukanya-Samriddhi-Yojana,
माता – पिता को अपनी बेटी के भविष्य के लिए एक निधि जमा करने का अच्छा अवसर देती है सुकन्या समृद्धि योजना (Sukanya Samriddhi Scheme)। इस जमा पूंजी को बेटी की शिक्षा और विवाह के समय इस्तेमाल किया जा सकता है।,
,
"आज के समय में बेटी के भविष्य से जुड़ी यह बेहतरीन योजना है, इसका लाभ उन सभी माता पिता और अभिभावकों को उठाना चाहिए जिनके घरों में बेटियां हैं। सालाना ₹ 250 न्यूनतम का निवेश आज के समय में ज्यादा मुश्किल नहीं है और इस योजना में पारम्परिक निवेश के अन्य ऑप्शन से अधिक ब्याज मिलता है।",
,
सुकन्‍या समृद्धि योजना परिचय – About Sukanya Samriddhi Account In Hindi,
वर्ष 2015 की 22 जनवरी को केंद्र सरकार ने बेटी बचाओ बेटी पढ़ाओ मिशन के तहत सुकन्या समृद्धि (Sukanya Samriddhi Account)जैसी महत्वाकांक्षी और जन कल्याणकारी योजना को हरियाणा के पानीपत से लांच किया था। उस समय यह कयास लगाए गए थे की हरियाणा में लिंगानुपात के असंतुलन के चलते पानीपत से इस योजना को जमीन पर उतारा जा रहा है जिससे लोगों में जागरूकता फैले।,
,
"इस योजना के तहत आज के समय में छोटी बचत के हिसाब से सबसे अधिक ब्याज मिलता है, PPF और FD  जैसी पारम्परिक निवेश स्कीम से भी अधिक। साथ ही यह भी सुविधा है की जब आप बेटी की पढाई या उसके विवाह के समय पैसा निकालेंगे तो उस पर कोई टैक्स भी नहीं लगेगा।",
,
वर्तमान ( वित्तीय वर्ष 2024-2025) में इस योजना के तहत 8.2% वार्षिक दर के हिसाब से ब्याज मिलता है। सुकन्या योजना का खाता भारतीय डाक घरों और प्राइवेट व् सरकारी बैंको में खोला जा सकता है।,
,
आइये जानते हैं की सुकन्या समृद्धि स्कीम के नियम कायदे क्या हैं? और आर्टिकल के अंत में इससे जुड़े सवाल और जवाब।,
,
sukanya-samriddhi-yojana,
सुकन्या योजना के नियम – SSY Account Eligibility,
यह खाता बालिका में माता-पिता / अभिभावक खोल सकते हैं,
खाता खोलने के समय बालिका की आयु 0 – 10 वर्ष तक होनी चाहिए,
हालाँकि खाता बालिका के नाम से होगा पर उसके माता-पिता/ अभिभावक उसे ऑपरेट करेंगे,
बालिका का जन्म प्रमाणपत्र खाता खोलने के लिए आवश्यक दस्तावेज है,
"एक वित्तीय वर्ष में न्यूनतम ₹ 250 जमा करने होंगे और अधिकतम ₹ 1,50,000",
न्यूनतम राशि जमा न होने पर वार्षिक ₹ 50 की पेनल्टी भी लगती है,
अधिकतम 2 बेटियों में नाम से अलग-अलग सुकन्या समृद्धि खाते खोले जा सकते हैं। यदि जुड़वाँ बेटियां हैं तो 3 अलग-अलग खाते भी खोले जा सकते हैं,
इस योजना में जमा राशि इनकम टैक्स के सेक्शन 80(C) के तहत छूट प्राप्त है। परिपक्वता पर धन निकासी भी टैक्स फ्री होगी,
"खाता खोलने के बाद 15 वर्ष तक पैसा जमा किया जा सकता है , और परिपक्वता का समय अकाउंट खोलने की तिथि से 21 वर्ष है",
"पैसा बीच में नहीं निकाला जा सकता, बेटी की उच्च शिक्षा या विवाह के समय ही निकाला जा सकेगा",
पोस्ट ऑफिस या सरकारी/प्राइवेट बैंक में अकाउंट खोला जा सकता है।,
सम्बंधित पोस्ट:  CIBIL Kya Hota Hai? सिबिल स्कोर क्या होता है?,
"वर्ष दर वर्ष सुकन्या समृद्धि योजना के अंतर्गत दिया जाने वाला ब्याज निचे दिए गए टेबल में दर्शाया गया है, सरकार की सभी लघु बचत योजनाओं में आज भी सुकन्या योजना के तहत दिया जाने वाला ब्याज सर्वाधिक है।",
,
अवधी,ब्याज दर %
03/12/2014 से 31/03/2015,9.1
01/04/2015 से 31/03/2016,9.2
01/04/2016 से 30/09/2016,8.6
01/10/2016 से 31/03/2017,8.5
01/04/2017 से 30/06/2017,8.4
01/07/2017 से 31/12/2017,8.3
01/01/2018 से 30/09/2018,8.1
01/10/2018 से 30/06/2019,8.5
01/07/2019 से 31/03/2020,8.4
01/04/2020 से 31/03/2023,7.6
01/04/2023 से 31/12/2023,8
01/01/2024 से 30/09/2024,8.2
Sukanya Samriddhi Scheme Yearly Rate of Interest,
Sukanya Scheme FAQ – सुकन्या योजना से जुड़े सवाल-जवाब,
सुकन्या समृद्धि योजना अकाउंट कहाँ खोलें?,
"अपने घर के नजदीकी डाकघर से संपर्क करें, या फिर किसी सरकारी या निजी बैंक की शाखा में संपर्क करें।",
,
"मेरी बेटी के नाम जीवन बीमा और FD भी हैं , क्या तब भी सुकन्या योजना का लाभ लिया जा सकेगा?",
"जी हाँ, ऐसी कोई बंदिश नहीं है। यदि बिटिया के नाम पर अन्य निवेश हैं तो कोई समस्या नहीं है। आप सुकन्या खाता खोल सकते हैं।",
,
क्या सरकार सुकन्या अकाउंट में शुरू में कुछ पैसा देती है?,
"जी नहीं, आप को ही पैसा जमा करना होता है। सरकार केवल उस पर ब्याज देती है। ठीक वैसे जैसे FD करने पर या PPF खाते पर मिलता है।",
,
क्या यह खाता एक बैंक से दूसरे बैंक में ट्रांसफर हो सकता है?,
"जी हाँ, आपको अपने वर्तमान बैंक या पोस्ट ऑफिस में एप्लीकेशन देनी होगी और खाता आसानी से ट्रांसफर हो जायेगा।",
,
सुकन्या अकाउंट में पैसा कैसे जमा करें?,
"आप नकद, चेक , ड्राफ्ट या ऑनलाइन इंटरनेट बैंकिंग के द्वारा पैसा जमा कर सकते हैं।",
,
एक साल में कम से कम कितना जमा करना होगा?,
एक वित्तीय वर्ष में न्यूनतम ₹ 250 जमा करने होंगे। ऐसा न कर पाने की स्थिति में ₹ 50 का जुर्माना होगा।,
,
सुकन्या अकाउंट के लिए क्या-क्या डॉक्यूमेंट चाहियें?,
1. सुकन्या समृद्धि योजना फॉर्म (डाकघर या बैंक से प्राप्त होगा),
2. बालिका का जन्म प्रमाणपत्र,
"3. माता-पिता/अभिभावक का आइडेंटिटी प्रूफ (पैन कार्ड, आधार कार्ड, पासपोर्ट आदि)",
"4. माता-पिता/अभिभावक का एड्रेस प्रूफ (ड्राइविंग लाइसेंस, पासपोर्ट, राशन कार्ड आदि)",
,
क्या सुकन्या समृद्धि योजना के तहत ऑनलाइन खाता भी खुल सकता है?,
"जी हाँ, इंडियन ओवरसीज बैंक यह सुविधा प्रदान करता है।",
यदि कन्या के माता पिता का पहले से इंडियन ओवरसीज बैंक में बचत खाता चल रहा है तो वो इंटरनेट बैंकिंग का इस्तेमाल कर सुकन्या समृद्धि खता भी खोल सकते हैं।,
,
"आप सुकन्या समृद्धि योजना से जुड़े अपने सवाल निचे कमैंट्स में लिख कर हमसे पूछ सकते हैं, इस जानकारी को अपने मित्र रिश्तेदारों से शेयर भी करें।",
